{"cameraMode":{"drawMode":0,"name":"Shaded","section":"Shading Mode"},"sceneLighting":true,"audioPlay":false,"sceneViewState":{"showFog":true,"showMaterialUpdate":false,"showSkybox":true,"showFlares":true,"showImageEffects":true,"showParticleSystems":true},"in2DMode":false,"pivot":{"x":13.707770347595215,"y":-2.921002149581909,"z":-58.80622863769531},"rotation":{"x":-0.17195464670658112,"y":0.002065950771793723,"z":-0.0003588117833714932,"w":-0.9851274490356445},"size":12.77978229522705,"orthographic":false}