{"cameraMode":{"drawMode":0,"name":"Shaded","section":"Shading Mode"},"sceneLighting":false,"audioPlay":false,"sceneViewState":{"showFog":true,"showMaterialUpdate":false,"showSkybox":false,"showFlares":true,"showImageEffects":true,"showParticleSystems":true},"in2DMode":false,"pivot":{"x":136.3129425048828,"y":-8.588921546936036,"z":91.568115234375},"rotation":{"x":0.1014307290315628,"y":0.6898495554924011,"z":-0.09854957461357117,"w":0.7100054621696472},"size":1.4408249855041505,"orthographic":false}