{"cameraMode":{"drawMode":0,"name":"Shaded","section":"Shading Mode"},"sceneLighting":true,"audioPlay":false,"sceneViewState":{"showFog":true,"showMaterialUpdate":false,"showSkybox":false,"showFlares":true,"showImageEffects":true,"showParticleSystems":true},"in2DMode":false,"pivot":{"x":7.3420000076293949,"y":3.140000104904175,"z":-75.41799926757813},"rotation":{"x":-0.05687303468585014,"y":-0.9176983833312988,"z":0.14016108214855195,"w":-0.3679172098636627},"size":0.8660255670547485,"orthographic":false}