{"cameraMode":{"drawMode":0,"name":"Shaded","section":"Shading Mode"},"sceneLighting":false,"audioPlay":false,"sceneViewState":{"showFog":true,"showMaterialUpdate":true,"showSkybox":false,"showFlares":true,"showImageEffects":true,"showParticleSystems":true},"in2DMode":false,"pivot":{"x":3.0466859340667726,"y":-1.1784629821777344,"z":-4.796362400054932},"rotation":{"x":0.023242805153131486,"y":0.97533118724823,"z":-0.12653744220733643,"w":0.17996038496494294},"size":10.0,"orthographic":false}