{"cameraMode":{"drawMode":0,"name":"Shaded","section":"Shading Mode"},"sceneLighting":true,"audioPlay":false,"sceneViewState":{"showFog":true,"showMaterialUpdate":false,"showSkybox":false,"showFlares":true,"showImageEffects":true,"showParticleSystems":true},"in2DMode":false,"pivot":{"x":20.880714416503908,"y":2.6083598136901857,"z":-74.89167022705078},"rotation":{"x":-0.05687303468585014,"y":-0.9176983833312988,"z":0.14016108214855195,"w":-0.3679172098636627},"size":2.068577766418457,"orthographic":false}