{"cameraMode":{"drawMode":0,"name":"Shaded","section":"Shading Mode"},"sceneLighting":true,"audioPlay":false,"sceneViewState":{"showFog":true,"showMaterialUpdate":true,"showSkybox":true,"showFlares":true,"showImageEffects":true,"showParticleSystems":true},"in2DMode":false,"pivot":{"x":134.17291259765626,"y":-7.8054914474487309,"z":90.67988586425781},"rotation":{"x":0.01958594098687172,"y":0.7499646544456482,"z":-0.022722218185663224,"w":0.6609961986541748},"size":5.703706741333008,"orthographic":false}