{"cameraMode":{"drawMode":0,"name":"Shaded","section":"Shading Mode"},"sceneLighting":false,"audioPlay":false,"sceneViewState":{"showFog":true,"showMaterialUpdate":false,"showSkybox":false,"showFlares":true,"showImageEffects":true,"showParticleSystems":true},"in2DMode":false,"pivot":{"x":-112.14091491699219,"y":-40.41334533691406,"z":-1.452349305152893},"rotation":{"x":0.11601904779672623,"y":-0.726812481880188,"z":0.12697690725326539,"w":0.6653488278388977},"size":66.06687927246094,"orthographic":false}