{"cameraMode":{"drawMode":0,"name":"Shaded","section":"Shading Mode"},"sceneLighting":false,"audioPlay":false,"sceneViewState":{"showFog":true,"showMaterialUpdate":false,"showSkybox":false,"showFlares":true,"showImageEffects":true,"showParticleSystems":true},"in2DMode":false,"pivot":{"x":0.5838994979858398,"y":1.637850284576416,"z":0.33467769622802737},"rotation":{"x":-0.06159244850277901,"y":-0.8390424847602844,"z":0.09741086512804032,"w":-0.531823992729187},"size":3.324018716812134,"orthographic":false}