{"cameraMode":{"drawMode":0,"name":"Shaded","section":"Shading Mode"},"sceneLighting":false,"audioPlay":false,"sceneViewState":{"showFog":true,"showMaterialUpdate":false,"showSkybox":false,"showFlares":true,"showImageEffects":true,"showParticleSystems":true},"in2DMode":false,"pivot":{"x":0.4468265771865845,"y":2.002337694168091,"z":-0.1567818522453308},"rotation":{"x":-0.06159244850277901,"y":-0.8390424847602844,"z":0.09741086512804032,"w":-0.531823992729187},"size":2.5536649227142336,"orthographic":false}