{"cameraMode":{"drawMode":0,"name":"Shaded","section":"Shading Mode"},"sceneLighting":false,"audioPlay":false,"sceneViewState":{"showFog":true,"showMaterialUpdate":false,"showSkybox":false,"showFlares":true,"showImageEffects":true,"showParticleSystems":true},"in2DMode":false,"pivot":{"x":7.301326751708984,"y":-188.7334747314453,"z":-111.24189758300781},"rotation":{"x":0.004345444031059742,"y":-0.8763633966445923,"z":0.48196861147880556,"w":0.009158177301287651},"size":113.92839050292969,"orthographic":false}