{"cameraMode":{"drawMode":0,"name":"Shaded","section":"Shading Mode"},"sceneLighting":true,"audioPlay":false,"sceneViewState":{"showFog":true,"showMaterialUpdate":false,"showSkybox":true,"showFlares":true,"showImageEffects":true,"showParticleSystems":true},"in2DMode":false,"pivot":{"x":147.2846221923828,"y":-10.555099487304688,"z":74.69132232666016},"rotation":{"x":0.043134696781635287,"y":0.7356379628181458,"z":-0.04834975674748421,"w":0.6747784614562988},"size":7.314322471618652,"orthographic":false}