{"cameraMode":{"drawMode":0,"name":"Shaded","section":"Shading Mode"},"sceneLighting":false,"audioPlay":false,"sceneViewState":{"showFog":true,"showMaterialUpdate":false,"showSkybox":false,"showFlares":true,"showImageEffects":true,"showParticleSystems":true},"in2DMode":false,"pivot":{"x":7.7779998779296879,"y":4.429999828338623,"z":-76.04000091552735},"rotation":{"x":0.002106207888573408,"y":-0.9518974423408508,"z":0.005954027641564608,"w":0.30733367800712588},"size":0.11713998764753342,"orthographic":false}