{"cameraMode":{"drawMode":0,"name":"Shaded","section":"Shading Mode"},"sceneLighting":false,"audioPlay":false,"sceneViewState":{"showFog":true,"showMaterialUpdate":false,"showSkybox":false,"showFlares":true,"showImageEffects":true,"showParticleSystems":true},"in2DMode":false,"pivot":{"x":-0.5536149144172669,"y":1.646985411643982,"z":1.1548048257827759},"rotation":{"x":0.06523425132036209,"y":0.9090149998664856,"z":-0.380615234375,"w":0.15912744402885438},"size":1.5000174045562745,"orthographic":false}