{"cameraMode":{"drawMode":0,"name":"Shaded","section":"Shading Mode"},"sceneLighting":true,"audioPlay":false,"sceneViewState":{"showFog":true,"showMaterialUpdate":false,"showSkybox":false,"showFlares":true,"showImageEffects":true,"showParticleSystems":true},"in2DMode":false,"pivot":{"x":20.7450008392334,"y":2.9674789905548097,"z":-76.02983093261719},"rotation":{"x":-0.08973658829927445,"y":0.7459715008735657,"z":-0.10270802676677704,"w":-0.6518982648849487},"size":2.068577766418457,"orthographic":false}