{"cameraMode":{"drawMode":0,"name":"Shaded","section":"Shading Mode"},"sceneLighting":true,"audioPlay":false,"sceneViewState":{"showFog":true,"showMaterialUpdate":false,"showSkybox":false,"showFlares":true,"showImageEffects":true,"showParticleSystems":true},"in2DMode":false,"pivot":{"x":8.252891540527344,"y":3.56299090385437,"z":-76.18063354492188},"rotation":{"x":-0.16840100288391114,"y":0.4642050266265869,"z":-0.09040258824825287,"w":-0.8648847937583923},"size":0.8660255670547485,"orthographic":false}