{"cameraMode":{"drawMode":0,"name":"Shaded","section":"Shading Mode"},"sceneLighting":false,"audioPlay":false,"sceneViewState":{"showFog":true,"showMaterialUpdate":false,"showSkybox":false,"showFlares":true,"showImageEffects":true,"showParticleSystems":true},"in2DMode":false,"pivot":{"x":0.34472227096557619,"y":0.22802603244781495,"z":1.254867672920227},"rotation":{"x":-0.15846018493175507,"y":-0.1935465782880783,"z":0.031692299991846088,"w":-0.9676939249038696},"size":0.8733372092247009,"orthographic":false}