{"cameraMode":{"drawMode":0,"name":"Shaded","section":"Shading Mode"},"sceneLighting":false,"audioPlay":false,"sceneViewState":{"showFog":true,"showMaterialUpdate":false,"showSkybox":false,"showFlares":true,"showImageEffects":true,"showParticleSystems":true},"in2DMode":false,"pivot":{"x":0.6648824214935303,"y":-0.516245424747467,"z":0.48858070373535159},"rotation":{"x":0.040628161281347278,"y":0.956743061542511,"z":-0.23716774582862855,"w":0.16374100744724275},"size":0.5856460928916931,"orthographic":false}