{"cameraMode":{"drawMode":0,"name":"Shaded","section":"Shading Mode"},"sceneLighting":true,"audioPlay":false,"sceneViewState":{"showFog":true,"showMaterialUpdate":false,"showSkybox":false,"showFlares":true,"showImageEffects":true,"showParticleSystems":true},"in2DMode":false,"pivot":{"x":0.3327132761478424,"y":0.2073703408241272,"z":0.2873165011405945},"rotation":{"x":-0.13768655061721803,"y":0.2791443467140198,"z":-0.04046100005507469,"w":-0.9495114088058472},"size":0.4919746220111847,"orthographic":false}