{"cameraMode":{"drawMode":0,"name":"Shaded","section":"Shading Mode"},"sceneLighting":true,"audioPlay":false,"sceneViewState":{"showFog":true,"showMaterialUpdate":false,"showSkybox":true,"showFlares":true,"showImageEffects":true,"showParticleSystems":true},"in2DMode":false,"pivot":{"x":52.735111236572269,"y":6.588074207305908,"z":-68.1453857421875},"rotation":{"x":-0.02362062968313694,"y":-0.17659632861614228,"z":0.004238926339894533,"w":-0.9840372204780579},"size":6.149472236633301,"orthographic":false}