{"cameraMode":{"drawMode":0,"name":"Shaded","section":"Shading Mode"},"sceneLighting":true,"audioPlay":false,"sceneViewState":{"showFog":true,"showMaterialUpdate":false,"showSkybox":false,"showFlares":true,"showImageEffects":true,"showParticleSystems":true},"in2DMode":false,"pivot":{"x":-1.008703351020813,"y":0.5412781238555908,"z":0.6670827865600586},"rotation":{"x":0.09883616119623184,"y":0.8551697731018066,"z":-0.1771916002035141,"w":0.47700098156929018},"size":0.5771564245223999,"orthographic":false}