{"cameraMode":{"drawMode":0,"name":"Shaded","section":"Shading Mode"},"sceneLighting":true,"audioPlay":false,"sceneViewState":{"showFog":true,"showMaterialUpdate":false,"showSkybox":true,"showFlares":true,"showImageEffects":true,"showParticleSystems":true},"in2DMode":false,"pivot":{"x":-7.484903812408447,"y":-7.4428300857543949,"z":-74.88985443115235},"rotation":{"x":-0.18458886444568635,"y":0.6519418358802795,"z":-0.16807347536087037,"w":-0.716011106967926},"size":12.386265754699707,"orthographic":false}