{"cameraMode":{"drawMode":0,"name":"Shaded","section":"Shading Mode"},"sceneLighting":false,"audioPlay":false,"sceneViewState":{"showFog":true,"showMaterialUpdate":false,"showSkybox":false,"showFlares":true,"showImageEffects":true,"showParticleSystems":true},"in2DMode":false,"pivot":{"x":-0.17140573263168336,"y":0.060888782143592837,"z":0.021292686462402345},"rotation":{"x":-0.4620443880558014,"y":0.41766080260276797,"z":-0.26174214482307436,"w":-0.7372843027114868},"size":1.8907099962234498,"orthographic":false}