{"cameraMode":{"drawMode":0,"name":"Shaded","section":"Shading Mode"},"sceneLighting":true,"audioPlay":false,"sceneViewState":{"showFog":true,"showMaterialUpdate":false,"showSkybox":true,"showFlares":true,"showImageEffects":true,"showParticleSystems":true},"in2DMode":false,"pivot":{"x":12.054913520812989,"y":3.855281352996826,"z":-77.15033721923828},"rotation":{"x":-0.14810530841350556,"y":-0.480633944272995,"z":0.08260425180196762,"w":-0.8604249358177185},"size":0.11714005470275879,"orthographic":false}