{"cameraMode":{"drawMode":0,"name":"Shaded","section":"Shading Mode"},"sceneLighting":true,"audioPlay":false,"sceneViewState":{"showFog":true,"showMaterialUpdate":false,"showSkybox":true,"showFlares":true,"showImageEffects":true,"showParticleSystems":true},"in2DMode":false,"pivot":{"x":9.25790023803711,"y":-1.7250008583068848,"z":-61.248958587646487},"rotation":{"x":0.1590280383825302,"y":-0.11523465067148209,"z":0.01871255598962307,"w":0.9803985357284546},"size":9.064956665039063,"orthographic":false}